event,node,ranking_error_pct_inflow,inflow_table_error_pct_outflow,reported_total_inflow_m3,estimated_imbalance_m3,estimate_note
event1,N00184,47.07,88.942,87.4,41.13918,Approximation from rounded report inflow; not an independently integrated node ledger
event1,N01757,45.53,83.592,179.0,81.4987,Approximation from rounded report inflow; not an independently integrated node ledger
event1,N01012,40.12,67.006,26.200000000000003,10.51144,Approximation from rounded report inflow; not an independently integrated node ledger
event1,N01520,39.16,64.355,98.19999999999999,38.455119999999994,Approximation from rounded report inflow; not an independently integrated node ledger
event1,N01466,33.12,49.521,116.0,38.4192,Approximation from rounded report inflow; not an independently integrated node ledger
event20,N00184,69.6,228.924,48.300000000000004,33.6168,Approximation from rounded report inflow; not an independently integrated node ledger
event20,N01012,57.12,133.229,18.9,10.795679999999999,Approximation from rounded report inflow; not an independently integrated node ledger
event20,N01629,55.59,125.199,83.3,46.30647,Approximation from rounded report inflow; not an independently integrated node ledger
event20,N01757,54.62,120.38,94.5,51.6159,Approximation from rounded report inflow; not an independently integrated node ledger
event20,N02145,51.78,107.374,84.2,43.59876,Approximation from rounded report inflow; not an independently integrated node ledger
event65,N00184,65.45,189.468,64.10000000000001,41.95345000000001,Approximation from rounded report inflow; not an independently integrated node ledger
event65,N01012,55.11,122.778,18.8,10.36068,Approximation from rounded report inflow; not an independently integrated node ledger
event65,N01629,53.67,115.861,55.9,30.00153,Approximation from rounded report inflow; not an independently integrated node ledger
event65,N01757,49.52,98.086,110.0,54.47200000000001,Approximation from rounded report inflow; not an independently integrated node ledger
event65,N01466,46.75,87.798,86.8,40.579,Approximation from rounded report inflow; not an independently integrated node ledger
event66,N00184,58.75,142.432,71.9,42.24125,Approximation from rounded report inflow; not an independently integrated node ledger
event66,N00405,55.72,125.861,17.0,9.4724,Approximation from rounded report inflow; not an independently integrated node ledger
event66,N01629,46.38,86.491,90.30000000000001,41.88114,Approximation from rounded report inflow; not an independently integrated node ledger
event66,N01757,45.63,83.939,137.0,62.5131,Approximation from rounded report inflow; not an independently integrated node ledger
event66,N01012,45.08,82.071,28.2,12.712559999999998,Approximation from rounded report inflow; not an independently integrated node ledger
event67,N01520,65.04,186.056,116.0,75.4464,Approximation from rounded report inflow; not an independently integrated node ledger
event67,N00184,44.41,79.882,99.6,44.23235999999999,Approximation from rounded report inflow; not an independently integrated node ledger
event67,N01757,36.93,58.556,377.0,139.2261,Approximation from rounded report inflow; not an independently integrated node ledger
event67,N01012,30.29,43.447,47.800000000000004,14.478620000000001,Approximation from rounded report inflow; not an independently integrated node ledger
event67,N01466,25.37,33.996,145.0,36.786500000000004,Approximation from rounded report inflow; not an independently integrated node ledger
event68,N01520,63.01,170.331,114.0,71.83139999999999,Approximation from rounded report inflow; not an independently integrated node ledger
event68,N01757,42.31,73.333,262.0,110.85220000000001,Approximation from rounded report inflow; not an independently integrated node ledger
event68,N00184,32.85,48.928,120.0,39.42,Approximation from rounded report inflow; not an independently integrated node ledger
event68,N01012,27.2,37.355,56.2,15.2864,Approximation from rounded report inflow; not an independently integrated node ledger
event68,N01466,27.05,37.083,123.0,33.2715,Approximation from rounded report inflow; not an independently integrated node ledger
event69,N01520,52.93,112.445,111.0,58.7523,Approximation from rounded report inflow; not an independently integrated node ledger
event69,N01757,42.54,74.031,222.0,94.43879999999999,Approximation from rounded report inflow; not an independently integrated node ledger
event69,N00184,38.97,63.847,98.4,38.34648,Approximation from rounded report inflow; not an independently integrated node ledger
event69,N01012,38.14,61.65,29.9,11.40386,Approximation from rounded report inflow; not an independently integrated node ledger
event69,N01466,26.0,35.137,125.0,32.5,Approximation from rounded report inflow; not an independently integrated node ledger
event70,N01520,56.86,131.803,112.0,63.6832,Approximation from rounded report inflow; not an independently integrated node ledger
event70,N00184,41.52,71.013,92.0,38.1984,Approximation from rounded report inflow; not an independently integrated node ledger
event70,N01757,38.56,62.758,288.0,111.0528,Approximation from rounded report inflow; not an independently integrated node ledger
event70,N01012,28.48,39.822,49.4,14.06912,Approximation from rounded report inflow; not an independently integrated node ledger
event70,N01629,24.33,32.147,102.0,24.816599999999998,Approximation from rounded report inflow; not an independently integrated node ledger
