seed,fold,test_event,model,fit_seconds,fitted_rows,max_iter_fixed
1907,0,event1,dynamic_no_prior,1.865354900015518,226800,140
1907,0,event1,hybrid_dynamic,1.725499700056389,226800,140
1907,0,event1,hybrid_mask,2.3391210000263527,226800,140
1907,0,event1,hybrid_hydraulic,1.9341480999719352,226800,140
1907,0,event1,hybrid_all,2.484797600074671,226800,140
1907,1,event20,dynamic_no_prior,1.3694336999906227,226800,140
1907,1,event20,hybrid_dynamic,1.4618454999290407,226800,140
1907,1,event20,hybrid_mask,1.6618765000021085,226800,140
1907,1,event20,hybrid_hydraulic,1.6087460999842733,226800,140
1907,1,event20,hybrid_all,1.866102800006047,226800,140
1907,2,event65,dynamic_no_prior,1.3980935000581667,226800,140
1907,2,event65,hybrid_dynamic,1.4581815999699757,226800,140
1907,2,event65,hybrid_mask,1.7608467999380082,226800,140
1907,2,event65,hybrid_hydraulic,1.5832484998973086,226800,140
1907,2,event65,hybrid_all,1.847031900077127,226800,140
1907,3,event66,dynamic_no_prior,1.3369104000739753,226800,140
1907,3,event66,hybrid_dynamic,1.358668899978511,226800,140
1907,3,event66,hybrid_mask,1.8460744000039995,226800,140
1907,3,event66,hybrid_hydraulic,1.549900299985893,226800,140
1907,3,event66,hybrid_all,1.7922719999914989,226800,140
1907,4,event67,dynamic_no_prior,1.3383893000427634,226800,140
1907,4,event67,hybrid_dynamic,1.5607537999749184,226800,140
1907,4,event67,hybrid_mask,1.659929999965243,226800,140
1907,4,event67,hybrid_hydraulic,1.5302756000310183,226800,140
1907,4,event67,hybrid_all,1.8030276999343187,226800,140
1907,5,event68,dynamic_no_prior,1.3599066000897437,226800,140
1907,5,event68,hybrid_dynamic,1.3740841000108048,226800,140
1907,5,event68,hybrid_mask,1.6951683000661433,226800,140
1907,5,event68,hybrid_hydraulic,1.527742899954319,226800,140
1907,5,event68,hybrid_all,1.761216500075534,226800,140
1907,6,event69,dynamic_no_prior,1.1460933999624103,226800,140
1907,6,event69,hybrid_dynamic,1.3742798999883235,226800,140
1907,6,event69,hybrid_mask,1.6652027999516577,226800,140
1907,6,event69,hybrid_hydraulic,1.4712375999661162,226800,140
1907,6,event69,hybrid_all,1.8307838001055643,226800,140
1907,7,event70,dynamic_no_prior,1.3720117001794279,226800,140
1907,7,event70,hybrid_dynamic,1.4036006999667734,226800,140
1907,7,event70,hybrid_mask,1.8137158998288214,226800,140
1907,7,event70,hybrid_hydraulic,1.5352429999038577,226800,140
1907,7,event70,hybrid_all,2.0483405999839306,226800,140
2718,0,event1,hybrid_dynamic,1.3912864997982979,226800,140
2718,0,event1,hybrid_all,1.8172262001316994,226800,140
2718,1,event20,hybrid_dynamic,1.3442293999250978,226800,140
2718,1,event20,hybrid_all,1.8727369999978691,226800,140
2718,2,event65,hybrid_dynamic,1.3465573999565095,226800,140
2718,2,event65,hybrid_all,1.709589600097388,226800,140
2718,3,event66,hybrid_dynamic,1.345388599904254,226800,140
2718,3,event66,hybrid_all,1.7577191998716444,226800,140
2718,4,event67,hybrid_dynamic,1.3757746000774205,226800,140
2718,4,event67,hybrid_all,1.7991229998879135,226800,140
2718,5,event68,hybrid_dynamic,1.4470283999107778,226800,140
2718,5,event68,hybrid_all,1.9244718998670578,226800,140
2718,6,event69,hybrid_dynamic,1.5707302999217063,226800,140
2718,6,event69,hybrid_all,1.9279006000142545,226800,140
2718,7,event70,hybrid_dynamic,1.6082890001125634,226800,140
2718,7,event70,hybrid_all,1.64806369994767,226800,140
3141,0,event1,hybrid_dynamic,1.3914377999026328,226800,140
3141,0,event1,hybrid_all,1.7858316998463124,226800,140
3141,1,event20,hybrid_dynamic,1.3085141000337899,226800,140
3141,1,event20,hybrid_all,2.365465300157666,226800,140
3141,2,event65,hybrid_dynamic,1.3395269999746233,226800,140
3141,2,event65,hybrid_all,1.7954779001884162,226800,140
3141,3,event66,hybrid_dynamic,1.3422399999108166,226800,140
3141,3,event66,hybrid_all,1.715580000076443,226800,140
3141,4,event67,hybrid_dynamic,1.3776859999634326,226800,140
3141,4,event67,hybrid_all,1.75146279996261,226800,140
3141,5,event68,hybrid_dynamic,1.3362275001127273,226800,140
3141,5,event68,hybrid_all,1.79534550011158,226800,140
3141,6,event69,hybrid_dynamic,1.4494249999988824,226800,140
3141,6,event69,hybrid_all,1.702902700053528,226800,140
3141,7,event70,hybrid_dynamic,1.251327499980107,226800,140
3141,7,event70,hybrid_all,1.7224952999968082,226800,140
5772,0,event1,hybrid_dynamic,1.2439548999536783,226800,140
5772,0,event1,hybrid_all,1.680794200161472,226800,140
5772,1,event20,hybrid_dynamic,1.2634926000609994,226800,140
5772,1,event20,hybrid_all,1.7628901998978108,226800,140
5772,2,event65,hybrid_dynamic,1.311324599897489,226800,140
5772,2,event65,hybrid_all,1.687546200118959,226800,140
5772,3,event66,hybrid_dynamic,1.459731200011447,226800,140
5772,3,event66,hybrid_all,1.7611672000493854,226800,140
5772,4,event67,hybrid_dynamic,1.361344699980691,226800,140
5772,4,event67,hybrid_all,1.7667258000001311,226800,140
5772,5,event68,hybrid_dynamic,1.328122999984771,226800,140
5772,5,event68,hybrid_all,1.7626958000473678,226800,140
5772,6,event69,hybrid_dynamic,1.4282293000724167,226800,140
5772,6,event69,hybrid_all,1.8234174998942763,226800,140
5772,7,event70,hybrid_dynamic,1.4021697998978198,226800,140
5772,7,event70,hybrid_all,1.7014717001002282,226800,140
8119,0,event1,hybrid_dynamic,1.314332899870351,226800,140
8119,0,event1,hybrid_all,1.7047906001098454,226800,140
8119,1,event20,hybrid_dynamic,1.4282804001122713,226800,140
8119,1,event20,hybrid_all,1.8229214001912624,226800,140
8119,2,event65,hybrid_dynamic,1.3320915000513196,226800,140
8119,2,event65,hybrid_all,1.977453300030902,226800,140
8119,3,event66,hybrid_dynamic,1.6221660000737756,226800,140
8119,3,event66,hybrid_all,2.072908600093797,226800,140
8119,4,event67,hybrid_dynamic,1.3404922999907285,226800,140
8119,4,event67,hybrid_all,1.640941800083965,226800,140
8119,5,event68,hybrid_dynamic,1.3460031000431627,226800,140
8119,5,event68,hybrid_all,1.6400222999509424,226800,140
8119,6,event69,hybrid_dynamic,1.2254140998702496,226800,140
8119,6,event69,hybrid_all,1.6644575002137572,226800,140
8119,7,event70,hybrid_dynamic,1.4252160000614822,226800,140
8119,7,event70,hybrid_all,1.7937561001162976,226800,140
