case,step,time_h,mean_absolute_residual_mm,surface_volume_difference_million_m3
baseline,1,0.08333333333333333,5.854814117957892e-07,2.350779359403532e-08
baseline,2,0.16666666666666666,0.000137746391658568,3.941300630322076e-06
baseline,3,0.25,0.001694162500080579,3.0549750889622374e-05
baseline,4,0.3333333333333333,0.00974463109429581,0.00011308459555148147
baseline,5,0.4166666666666667,0.02218290703048919,0.000269468658266851
baseline,6,0.5,0.035587162455827805,0.00047950955076703396
baseline,7,0.5833333333333334,0.050582847652348405,0.0007298652206431142
baseline,8,0.6666666666666666,0.07103525531405884,0.0010835266262700315
baseline,9,0.75,0.09704845405926822,0.0015593322936067126
baseline,10,0.8333333333333334,0.15462574996281228,0.0023878619396535215
baseline,11,0.9166666666666666,0.31183707933934524,0.004320086044678465
baseline,12,1.0,0.5994385723482911,0.00839118739683181
baseline,13,1.0833333333333333,0.9063829568907635,0.014724836394493469
baseline,14,1.1666666666666667,1.215542598200321,0.022477812699158675
baseline,15,1.25,1.5550699260291445,0.03205160657369997
baseline,16,1.3333333333333333,1.992423345534965,0.04347901827386813
baseline,17,1.4166666666666667,2.4912553736736225,0.05650451366222697
baseline,18,1.5,2.993392736102412,0.07183263820003485
baseline,19,1.5833333333333333,3.5979075648841077,0.09006678457369562
baseline,20,1.6666666666666667,4.35085633779646,0.1113523094577482
baseline,21,1.75,5.181036278174782,0.13357467525503453
baseline,22,1.8333333333333333,6.233994665257234,0.1540570852127945
baseline,23,1.9166666666666667,7.3463938550745995,0.17326794275445864
baseline,24,2.0,7.7983274050872495,0.19446079307703767
baseline,25,2.0833333333333335,8.237249049266335,0.21941967173336308
baseline,26,2.1666666666666665,8.82386586820532,0.2440035116098981
baseline,27,2.25,9.503240032490663,0.26617069406079247
baseline,28,2.3333333333333335,10.004915110841917,0.2884417103657528
baseline,29,2.4166666666666665,10.423279217180935,0.31126923389743605
baseline,30,2.5,10.902414882276055,0.3335973104120072
baseline,31,2.5833333333333335,11.347008954546418,0.3559541405886266
baseline,32,2.6666666666666665,11.829559135369838,0.37824857054329475
baseline,33,2.75,12.234859826559264,0.4008582909388351
baseline,34,2.8333333333333335,13.168735315826702,0.4213462600620289
baseline,35,2.9166666666666665,13.69549650786253,0.43991447366141473
baseline,36,3.0,14.182073316503157,0.4587399864468433
baseline,37,3.0833333333333335,14.572051077055836,0.4773886636570812
baseline,38,3.1666666666666665,14.954621009736863,0.49598671880068795
baseline,39,3.25,15.224359639369355,0.5145207164685842
baseline,40,3.3333333333333335,15.684039547192667,0.5315880475286375
baseline,41,3.4166666666666665,15.88613141473515,0.5481443338891663
baseline,42,3.5,16.095313880205687,0.5657596745860471
baseline,43,3.5833333333333335,16.33890252987718,0.5827822964941534
baseline,44,3.6666666666666665,16.62029895921346,0.5985310583732589
baseline,45,3.75,16.966487881930536,0.6129043995996752
baseline,46,3.8333333333333335,17.215516151817152,0.6269564586733053
baseline,47,3.9166666666666665,17.427036199496445,0.6411132756066241
baseline,48,4.0,17.66456605473117,0.6547305033109985
baseline,49,4.083333333333333,17.89304873561695,0.66797918069685
baseline,50,4.166666666666667,18.145992348514834,0.679977931779418
baseline,51,4.25,18.359274349006803,0.6922216894183951
baseline,52,4.333333333333333,18.577204059654104,0.7040899502131717
baseline,53,4.416666666666667,18.787703547447837,0.7155655357502335
baseline,54,4.5,19.059719884876177,0.7251801481157747
baseline,55,4.583333333333333,19.286645793765246,0.734057838385161
baseline,56,4.666666666666667,19.46480287334048,0.7433079106938689
baseline,57,4.75,19.64686380801599,0.7527227221367027
baseline,58,4.833333333333333,19.819053651589936,0.7619837687789472
baseline,59,4.916666666666667,19.99034000109214,0.770760218718534
baseline,60,5.0,20.15133722816099,0.7792598813830174
baseline,61,5.083333333333333,20.311095900845025,0.7874164628698251
baseline,62,5.166666666666667,20.45705768699984,0.7952819098138735
baseline,63,5.25,20.598887731858564,0.8028521158959037
baseline,64,5.333333333333333,20.76156972346684,0.8092548631131263
baseline,65,5.416666666666667,20.886712335991877,0.8157210070061872
baseline,66,5.5,21.021736642719276,0.8215969790173758
baseline,67,5.583333333333333,21.141694866132475,0.8276951089436283
baseline,68,5.666666666666667,21.257041052746857,0.8338242782707054
baseline,69,5.75,21.370994452520137,0.8397842884379264
baseline,70,5.833333333333333,21.481188599067526,0.8455895290032935
baseline,71,5.916666666666667,21.589872588652664,0.8512189126250864
baseline,72,6.0,21.69518643981869,0.8566861318184892
loss_0mmh,1,0.08333333333333333,2.7264833906396168e-05,5.370331286030705e-07
loss_0mmh,2,0.16666666666666666,0.0003060785129675454,9.943795466097072e-06
loss_0mmh,3,0.25,0.0047452230327311995,5.6954409286845474e-05
loss_0mmh,4,0.3333333333333333,0.01718138001067781,0.00018443223370850318
loss_0mmh,5,0.4166666666666667,0.03357820034198751,0.00041127609834511533
loss_0mmh,6,0.5,0.05340509419416257,0.0007115559393612784
loss_0mmh,7,0.5833333333333334,0.07340663400539618,0.0010691138524736743
loss_0mmh,8,0.6666666666666666,0.09974143474622577,0.0015551341432437765
loss_0mmh,9,0.75,0.13240885430361837,0.0021912081540969666
loss_0mmh,10,0.8333333333333334,0.19796894633246884,0.0032233702856698074
loss_0mmh,11,0.9166666666666666,0.36540695117338395,0.005450860365817789
loss_0mmh,12,1.0,0.6673451273982858,0.0099567389463773
loss_0mmh,13,1.0833333333333333,0.9950980814566397,0.01685857411035104
loss_0mmh,14,1.1666666666666667,1.3189997704572876,0.02527095337167848
loss_0mmh,15,1.25,1.70705052831318,0.03560366807245882
loss_0mmh,16,1.3333333333333333,2.2328286584920187,0.04780493185840314
loss_0mmh,17,1.4166666666666667,2.6950500366596333,0.061834434103488455
loss_0mmh,18,1.5,3.210865309951174,0.07820360650286311
loss_0mmh,19,1.5833333333333333,3.890700238435439,0.09758311691808048
loss_0mmh,20,1.6666666666666667,4.740406144361071,0.120023972763645
loss_0mmh,21,1.75,5.656623128830631,0.14331088116133323
loss_0mmh,22,1.8333333333333333,6.879641577260924,0.16433552297570858
loss_0mmh,23,1.9166666666666667,7.202255589153979,0.18714454299978678
loss_0mmh,24,2.0,7.685463048344293,0.21283485819913914
loss_0mmh,25,2.0833333333333335,8.426898482681242,0.23864583640989148
loss_0mmh,26,2.1666666666666665,9.675513268392919,0.26225980246293185
loss_0mmh,27,2.25,10.275796275000541,0.28462824377770884
loss_0mmh,28,2.3333333333333335,10.804276311120486,0.30855491078474445
loss_0mmh,29,2.4166666666666665,11.422077604164553,0.3318153314929252
loss_0mmh,30,2.5,12.065836494485744,0.35484432000569943
loss_0mmh,31,2.5833333333333335,12.651570294326174,0.37661772486996486
loss_0mmh,32,2.6666666666666665,13.344548509449476,0.3985185481125489
loss_0mmh,33,2.75,13.92653394295364,0.420439557691713
loss_0mmh,34,2.8333333333333335,14.449303768124025,0.4427545877285651
loss_0mmh,35,2.9166666666666665,14.850552640656783,0.46478191949295145
loss_0mmh,36,3.0,15.219765537083788,0.48710348664007763
loss_0mmh,37,3.0833333333333335,15.624819901547367,0.5085820120096017
loss_0mmh,38,3.1666666666666665,15.892580598939857,0.5301411489383522
loss_0mmh,39,3.25,16.21971825196362,0.5510341054500859
loss_0mmh,40,3.3333333333333335,16.70952935609003,0.5701133641302223
loss_0mmh,41,3.4166666666666665,17.032640429390042,0.5881429520178463
loss_0mmh,42,3.5,17.378209048130106,0.605905376151672
loss_0mmh,43,3.5833333333333335,17.631859207401547,0.6240979551103523
loss_0mmh,44,3.6666666666666665,17.88429089912172,0.6420944469770504
loss_0mmh,45,3.75,18.144482048787836,0.659628155858576
loss_0mmh,46,3.8333333333333335,18.401943995497586,0.6767282805312913
loss_0mmh,47,3.9166666666666665,18.67529320528366,0.6931555748118619
loss_0mmh,48,4.0,18.97359392590564,0.7085195436078418
loss_0mmh,49,4.083333333333333,19.390010499934995,0.722442983345357
loss_0mmh,50,4.166666666666667,19.71541696590274,0.7346888909876332
loss_0mmh,51,4.25,19.94981492408449,0.7480103907513483
loss_0mmh,52,4.333333333333333,20.19954478143382,0.7616177191754159
loss_0mmh,53,4.416666666666667,20.462622640043083,0.7746436391942676
loss_0mmh,54,4.5,20.714864353424474,0.7872454579390488
loss_0mmh,55,4.583333333333333,20.96726795908742,0.7991968990368897
loss_0mmh,56,4.666666666666667,21.224737258912914,0.8106808456658321
loss_0mmh,57,4.75,21.51881606825202,0.820362069296436
loss_0mmh,58,4.833333333333333,21.752681459629493,0.8298068669605884
loss_0mmh,59,4.916666666666667,21.96530854279341,0.8395327944091121
loss_0mmh,60,5.0,22.178540507651796,0.8489579950478521
loss_0mmh,61,5.083333333333333,22.38117127236377,0.8583915856828862
loss_0mmh,62,5.166666666666667,22.57486509279746,0.8675735134959126
loss_0mmh,63,5.25,22.754080657776573,0.8768470061455497
loss_0mmh,64,5.333333333333333,22.92951800876755,0.8859501505141522
loss_0mmh,65,5.416666666666667,23.11757608357679,0.8945458555097048
loss_0mmh,66,5.5,23.276839322726534,0.9030168521495792
loss_0mmh,67,5.583333333333333,23.433622489797212,0.9113984864213294
loss_0mmh,68,5.666666666666667,23.586851825462265,0.9196302237338626
loss_0mmh,69,5.75,23.73727611199323,0.9276647680073707
loss_0mmh,70,5.833333333333333,23.898454148014686,0.9354697654229647
loss_0mmh,71,5.916666666666667,24.04396891875308,0.9428272655714885
loss_0mmh,72,6.0,24.183909560844018,0.9502697510904413
loss_2mmh,1,0.08333333333333333,5.854814117957892e-07,2.350779359403532e-08
loss_2mmh,2,0.16666666666666666,7.436699467973745e-05,2.2010823453456396e-06
loss_2mmh,3,0.25,0.0005696161863904342,1.7115209862822668e-05
loss_2mmh,4,0.3333333333333333,0.005398317233597838,6.878632348234532e-05
loss_2mmh,5,0.4166666666666667,0.012870747588861,0.00017048815027446835
loss_2mmh,6,0.5,0.022381195559361855,0.0003056350586328335
loss_2mmh,7,0.5833333333333334,0.031800588425246114,0.0004651426282020111
loss_2mmh,8,0.6666666666666666,0.04672358637010838,0.0007050837873801356
loss_2mmh,9,0.75,0.06674095497321371,0.0010429907298719627
loss_2mmh,10,0.8333333333333334,0.11674632875837979,0.0016910970471886685
loss_2mmh,11,0.9166666666666666,0.2647985192907468,0.0033598601386067455
loss_2mmh,12,1.0,0.5382527584231026,0.0070328490529675035
loss_2mmh,13,1.0833333333333333,0.8268747665453362,0.01283717065968085
loss_2mmh,14,1.1666666666666667,1.1140337463314267,0.019982892872433877
loss_2mmh,15,1.25,1.4330717869389116,0.02881781320212176
loss_2mmh,16,1.3333333333333333,1.8762499722323058,0.03948930666657398
loss_2mmh,17,1.4166666666666667,2.340318548063496,0.05170153469129
loss_2mmh,18,1.5,2.7886558023076913,0.06586771391098446
loss_2mmh,19,1.5833333333333333,3.3325155428220987,0.08290092751082266
loss_2mmh,20,1.6666666666666667,4.108374145710211,0.10273037521453807
loss_2mmh,21,1.75,4.822485622885545,0.12361464495285981
loss_2mmh,22,1.8333333333333333,5.740323810809266,0.1433434406921966
loss_2mmh,23,1.9166666666666667,6.345718814329374,0.16280501985913143
loss_2mmh,24,2.0,6.969604065638162,0.18388875653835712
loss_2mmh,25,2.0833333333333335,7.463279467647341,0.20704295861431746
loss_2mmh,26,2.1666666666666665,8.228802880117502,0.22980032809971163
loss_2mmh,27,2.25,8.826967240563443,0.25006755216579185
loss_2mmh,28,2.3333333333333335,9.278649762559736,0.2718969861649297
loss_2mmh,29,2.4166666666666665,9.834587655661371,0.2923126094480773
loss_2mmh,30,2.5,10.085375076693124,0.31320859798095413
loss_2mmh,31,2.5833333333333335,10.462041429892457,0.33440045556840486
loss_2mmh,32,2.6666666666666665,10.796379935115379,0.3556992684524565
loss_2mmh,33,2.75,11.212093709520369,0.3769612826917146
loss_2mmh,34,2.8333333333333335,11.767252221925252,0.39748219196086065
loss_2mmh,35,2.9166666666666665,12.377875368850864,0.4155010457682027
loss_2mmh,36,3.0,12.773628464906928,0.4340218971959592
loss_2mmh,37,3.0833333333333335,13.259506579920425,0.4509285602508495
loss_2mmh,38,3.1666666666666665,13.64929707166777,0.46751607950792096
loss_2mmh,39,3.25,14.046049825782195,0.48359425347156537
loss_2mmh,40,3.3333333333333335,14.263133251415749,0.4993496693248686
loss_2mmh,41,3.4166666666666665,14.486977454424268,0.515678667468387
loss_2mmh,42,3.5,14.735258654253055,0.5313791718927467
loss_2mmh,43,3.5833333333333335,15.002229361725469,0.5462765023197388
loss_2mmh,44,3.6666666666666665,15.263349451842496,0.5598580659336189
loss_2mmh,45,3.75,15.489474323504588,0.573620954979495
loss_2mmh,46,3.8333333333333335,15.724183990831575,0.5867629513085565
loss_2mmh,47,3.9166666666666665,16.042328860431052,0.5976715547278105
loss_2mmh,48,4.0,16.27966701904493,0.6077291938643503
loss_2mmh,49,4.083333333333333,16.47642745051642,0.6185164282042145
loss_2mmh,50,4.166666666666667,16.693914702678004,0.628929602999543
loss_2mmh,51,4.25,16.90746935470753,0.6387802564673216
loss_2mmh,52,4.333333333333333,17.105274464850943,0.6481904771144488
loss_2mmh,53,4.416666666666667,17.287461062510953,0.6575486727350237
loss_2mmh,54,4.5,17.46588837623613,0.6665707234677678
loss_2mmh,55,4.583333333333333,17.641494366433907,0.6748026178467356
loss_2mmh,56,4.666666666666667,17.79076470524874,0.683123637016992
loss_2mmh,57,4.75,17.942993286396813,0.6911584736621955
loss_2mmh,58,4.833333333333333,18.08601944335729,0.6987548928582004
loss_2mmh,59,4.916666666666667,18.231532139169335,0.7058969297948126
loss_2mmh,60,5.0,18.38153064284792,0.7119330991423177
loss_2mmh,61,5.083333333333333,18.49732671457547,0.7180065725992586
loss_2mmh,62,5.166666666666667,18.61205932021599,0.7241761774993422
loss_2mmh,63,5.25,18.723107161877376,0.7302119340830071
loss_2mmh,64,5.333333333333333,18.835576554393903,0.7358311384972935
loss_2mmh,65,5.416666666666667,18.937259163565553,0.7412566881944688
loss_2mmh,66,5.5,19.03642204753735,0.7465428238447216
loss_2mmh,67,5.583333333333333,19.13184492805639,0.7516338671866598
loss_2mmh,68,5.666666666666667,19.230292744813802,0.7563351285999841
loss_2mmh,69,5.75,19.31985009776318,0.7608176929913995
loss_2mmh,70,5.833333333333333,19.405296364570702,0.7652146202150885
loss_2mmh,71,5.916666666666667,19.487222929004727,0.7695324408415345
loss_2mmh,72,6.0,19.565924454829187,0.7737142179214719
building_nearest,1,0.08333333333333333,0.0004004584927467574,1.4153907023992219e-06
building_nearest,2,0.16666666666666666,0.0045253355639152375,1.996800715311817e-05
building_nearest,3,0.25,0.014930378414932105,9.56385928967677e-05
building_nearest,4,0.3333333333333333,0.02733668999746195,0.00026362233860346865
building_nearest,5,0.4166666666666667,0.042321477918262,0.0005097725606202459
building_nearest,6,0.5,0.056743391911159576,0.0007708469270497659
building_nearest,7,0.5833333333333334,0.0726167806590914,0.0010440103891499633
building_nearest,8,0.6666666666666666,0.10301392593021041,0.001451537700399544
building_nearest,9,0.75,0.12989904768963306,0.0019470326718823729
building_nearest,10,0.8333333333333334,0.2179439701301857,0.002921767756689327
building_nearest,11,0.9166666666666666,0.4138122146504983,0.00512385548580948
building_nearest,12,1.0,0.730800221338291,0.009144344402734492
building_nearest,13,1.0833333333333333,1.003390710686634,0.014213556518719332
building_nearest,14,1.1666666666666667,1.261978624913756,0.01991094016902186
building_nearest,15,1.25,1.5767385073777922,0.026871010478783007
building_nearest,16,1.3333333333333333,1.8684339181302152,0.03483659598913073
building_nearest,17,1.4166666666666667,2.233970572506683,0.04370547090267488
building_nearest,18,1.5,2.535852105399164,0.053993581962511715
building_nearest,19,1.5833333333333333,2.9611942836161385,0.06586876374876488
building_nearest,20,1.6666666666666667,3.3111624423099055,0.07945976834398712
building_nearest,21,1.75,3.6312661769080696,0.09285784555588668
building_nearest,22,1.8333333333333333,4.718738660903842,0.1040725515261543
building_nearest,23,1.9166666666666667,5.001317787403483,0.11549914671906975
building_nearest,24,2.0,5.172102839853214,0.12934263772915877
building_nearest,25,2.0833333333333335,5.5534902669666915,0.14384685576279263
building_nearest,26,2.1666666666666665,5.775511777292826,0.15790167607658404
building_nearest,27,2.25,6.451381106663071,0.17000748572653362
building_nearest,28,2.3333333333333335,6.753013647474225,0.18302125777772726
building_nearest,29,2.4166666666666665,6.91687809539896,0.19656935234855663
building_nearest,30,2.5,7.439454366155262,0.20949103980189046
building_nearest,31,2.5833333333333335,7.7537134354625294,0.22215076982385135
building_nearest,32,2.6666666666666665,7.99932709744139,0.23563508274824338
building_nearest,33,2.75,8.375154437977042,0.24950785195567926
building_nearest,34,2.8333333333333335,8.638240241765601,0.2632510825710298
building_nearest,35,2.9166666666666665,8.82035629080463,0.2765133390045169
building_nearest,36,3.0,8.96072681154033,0.29021550227276915
building_nearest,37,3.0833333333333335,9.256472109021903,0.3030303930675259
building_nearest,38,3.1666666666666665,9.429953355647875,0.31591620383798075
building_nearest,39,3.25,9.845528320274047,0.327688714005968
building_nearest,40,3.3333333333333335,10.109944006816523,0.3385635335070183
building_nearest,41,3.4166666666666665,10.37853363464968,0.3488297665576298
building_nearest,42,3.5,10.569062514991234,0.35937248640636743
building_nearest,43,3.5833333333333335,10.747784111275172,0.3698270831986106
building_nearest,44,3.6666666666666665,10.895593243568486,0.38018251039318607
building_nearest,45,3.75,11.061840435184804,0.39032792807631644
building_nearest,46,3.8333333333333335,11.226838427112142,0.3997580439409282
building_nearest,47,3.9166666666666665,11.370327918768467,0.4091419235375544
building_nearest,48,4.0,11.576211904402285,0.4176826339727877
building_nearest,49,4.083333333333333,11.687820589439005,0.4260994879260153
building_nearest,50,4.166666666666667,11.793972924704955,0.43457138214481983
building_nearest,51,4.25,11.902224515902068,0.4427919532519754
building_nearest,52,4.333333333333333,12.023253689737333,0.45061362222534324
building_nearest,53,4.416666666666667,12.134182543406817,0.4582051584626025
building_nearest,54,4.5,12.242100102347036,0.46550247747763157
building_nearest,55,4.583333333333333,12.358409050749602,0.47237760058536515
building_nearest,56,4.666666666666667,12.46058458522833,0.4789622427324286
building_nearest,57,4.75,12.577879894204825,0.4851278243496261
building_nearest,58,4.833333333333333,12.693104614670943,0.4908725021219341
building_nearest,59,4.916666666666667,12.781603461618067,0.4966744847435184
building_nearest,60,5.0,12.87087151674132,0.5023354965149216
building_nearest,61,5.083333333333333,12.960277107479369,0.5078288622596616
building_nearest,62,5.166666666666667,13.063477809912172,0.5130699842920429
building_nearest,63,5.25,13.14895578861742,0.517838701056755
building_nearest,64,5.333333333333333,13.22837468507993,0.522706981405951
building_nearest,65,5.416666666666667,13.307857389060207,0.5274359912282236
building_nearest,66,5.5,13.386776737299419,0.5320224204113457
building_nearest,67,5.583333333333333,13.464576830143429,0.5364785221284721
building_nearest,68,5.666666666666667,13.54186832843181,0.5408174126676921
building_nearest,69,5.75,13.618104201290839,0.5450422118844909
building_nearest,70,5.833333333333333,13.693758647282264,0.5491541782519797
building_nearest,71,5.916666666666667,13.774225344707462,0.553148050489797
building_nearest,72,6.0,13.84633617322573,0.556868086016044
building_exclude,1,0.08333333333333333,1.9910795141459747e-07,7.769179033978446e-09
building_exclude,2,0.16666666666666666,2.5366346184859737e-05,6.392343307195958e-07
building_exclude,3,0.25,0.0001611483104851821,5.338618308655185e-06
building_exclude,4,0.3333333333333333,0.0007577532297465309,2.1996835217152012e-05
building_exclude,5,0.4166666666666667,0.0029131639780128516,5.4918871653692494e-05
building_exclude,6,0.5,0.005402082721606289,9.960220562142013e-05
building_exclude,7,0.5833333333333334,0.008590678133259772,0.00015314546826902814
building_exclude,8,0.6666666666666666,0.014162332893874792,0.00023494570111485586
building_exclude,9,0.75,0.022078995677305095,0.00035242772385330026
building_exclude,10,0.8333333333333334,0.0392154599112038,0.0005772031454987478
building_exclude,11,0.9166666666666666,0.08843775619308973,0.0011417057283711282
building_exclude,12,1.0,0.1933122375032982,0.00237368990414501
building_exclude,13,1.0833333333333333,0.30406109329811226,0.0042599169681313415
building_exclude,14,1.1666666666666667,0.40374555727826206,0.00654355456088087
building_exclude,15,1.25,0.5186568023328669,0.009365095679078832
building_exclude,16,1.3333333333333333,0.6440614247702993,0.012734808748271726
building_exclude,17,1.4166666666666667,0.7812887846278807,0.016603424718561705
building_exclude,18,1.5,0.9411253273172285,0.02112827395500323
building_exclude,19,1.5833333333333333,1.1860461658565429,0.02639186028238372
building_exclude,20,1.6666666666666667,1.370846036696814,0.03256420563183826
building_exclude,21,1.75,1.5574884981814823,0.0390391912837514
building_exclude,22,1.8333333333333333,1.7076367597096207,0.04531959900794502
building_exclude,23,1.9166666666666667,1.8603841327816104,0.05162539336282237
building_exclude,24,2.0,2.0313237792884684,0.05833991567849406
building_exclude,25,2.0833333333333335,2.2462628797641115,0.06530391957610313
building_exclude,26,2.1666666666666665,2.409656282749827,0.07204979834446547
building_exclude,27,2.25,2.5699703734214507,0.07869246177972915
building_exclude,28,2.3333333333333335,2.8510256633531177,0.08494665497628984
building_exclude,29,2.4166666666666665,2.9653173779435544,0.09108035963143636
building_exclude,30,2.5,3.0924541033592927,0.09749842693391335
building_exclude,31,2.5833333333333335,3.2465790627920104,0.10388401623730913
building_exclude,32,2.6666666666666665,3.480633752556828,0.11005913873560066
building_exclude,33,2.75,3.6072423975166505,0.11627082957156781
building_exclude,34,2.8333333333333335,3.739469930827016,0.12272741847406428
building_exclude,35,2.9166666666666665,3.8712936041647916,0.12909420302548588
building_exclude,36,3.0,4.0104532351210365,0.1352647340304357
building_exclude,37,3.0833333333333335,4.145168932786612,0.14115637557129204
building_exclude,38,3.1666666666666665,4.3183932854683755,0.1465033832882925
building_exclude,39,3.25,4.4037841502583195,0.15198242700510037
building_exclude,40,3.3333333333333335,4.503385265801844,0.15737327054153466
building_exclude,41,3.4166666666666665,4.602441709302839,0.16256322413544194
building_exclude,42,3.5,4.697881302927859,0.16754801891787252
building_exclude,43,3.5833333333333335,4.789978288671849,0.17232638091271163
building_exclude,44,3.6666666666666665,4.878947553146796,0.17690355511445735
building_exclude,45,3.75,4.964780216589296,0.1812975462047781
building_exclude,46,3.8333333333333335,5.04726531477149,0.18550866518136477
building_exclude,47,3.9166666666666665,5.1278098426925975,0.18951365636395684
building_exclude,48,4.0,5.201539842645659,0.19337919014779217
building_exclude,49,4.083333333333333,5.273398851082337,0.1970925518063964
building_exclude,50,4.166666666666667,5.341376844453074,0.20064028485558547
building_exclude,51,4.25,5.4071674380200125,0.20407083890740838
building_exclude,52,4.333333333333333,5.470358670689805,0.2073725919579919
building_exclude,53,4.416666666666667,5.531259476919805,0.21054766132513406
building_exclude,54,4.5,5.589635915087993,0.21359692091570726
building_exclude,55,4.583333333333333,5.650490663813372,0.21636249716287184
building_exclude,56,4.666666666666667,5.702415333565543,0.21914380316658172
building_exclude,57,4.75,5.753377808723755,0.2218421413035806
building_exclude,58,4.833333333333333,5.802364604855138,0.22444362119484546
building_exclude,59,4.916666666666667,5.849034029071867,0.22693987522271905
building_exclude,60,5.0,5.894151268565278,0.22934343035801383
building_exclude,61,5.083333333333333,5.938020979190931,0.231664917456834
building_exclude,62,5.166666666666667,5.979925976814692,0.2339013784522877
building_exclude,63,5.25,6.0237284273855405,0.2359785631074487
building_exclude,64,5.333333333333333,6.061069533899239,0.2380226017711909
building_exclude,65,5.416666666666667,6.0982894315751475,0.24001790219933414
building_exclude,66,5.5,6.134707382124165,0.2419529384447953
building_exclude,67,5.583333333333333,6.17015008796891,0.2438257788036516
building_exclude,68,5.666666666666667,6.204843228950802,0.24563948424785553
building_exclude,69,5.75,6.238381892238559,0.2473963567858073
building_exclude,70,5.833333333333333,6.271139332512929,0.24909824591321586
building_exclude,71,5.916666666666667,6.302849895965124,0.25074761716925853
building_exclude,72,6.0,6.3337198494727245,0.252344630239997
inlet_manning_0p015,1,0.08333333333333333,5.854814117957892e-07,2.350779359403532e-08
inlet_manning_0p015,2,0.16666666666666666,0.000137746391658568,3.941300630322076e-06
inlet_manning_0p015,3,0.25,0.0016879488322780664,3.0545880871795814e-05
inlet_manning_0p015,4,0.3333333333333333,0.009716382992629112,0.00011281255450448953
inlet_manning_0p015,5,0.4166666666666667,0.022080225529480604,0.00026849982693456694
inlet_manning_0p015,6,0.5,0.03532672082544332,0.0004780002209638042
inlet_manning_0p015,7,0.5833333333333334,0.05023185443342665,0.0007282882629544474
inlet_manning_0p015,8,0.6666666666666666,0.07044824129525999,0.0010816524119931273
inlet_manning_0p015,9,0.75,0.09630728621059195,0.0015574271959718318
inlet_manning_0p015,10,0.8333333333333334,0.15307073807707228,0.0023835826942697168
inlet_manning_0p015,11,0.9166666666666666,0.3079328183021448,0.004305894791265018
inlet_manning_0p015,12,1.0,0.5920942946064607,0.008363095556478947
inlet_manning_0p015,13,1.0833333333333333,0.8971158638243694,0.014702244614064693
inlet_manning_0p015,14,1.1666666666666667,1.2067177585628919,0.02249078775725793
inlet_manning_0p015,15,1.25,1.5443923899721441,0.03209873137475224
inlet_manning_0p015,16,1.3333333333333333,1.9727371799796896,0.04358260414354736
inlet_manning_0p015,17,1.4166666666666667,2.4854147071371986,0.05667498720308067
inlet_manning_0p015,18,1.5,2.995363730592768,0.0720335035437718
inlet_manning_0p015,19,1.5833333333333333,3.5617339011223703,0.09022111229136354
inlet_manning_0p015,20,1.6666666666666667,4.315003575874403,0.11144714458876988
inlet_manning_0p015,21,1.75,5.181216519357726,0.13359842136386432
inlet_manning_0p015,22,1.8333333333333333,6.214496361345805,0.15401881784221333
inlet_manning_0p015,23,1.9166666666666667,6.915435386607891,0.17428821168577996
inlet_manning_0p015,24,2.0,7.25894782281416,0.19812060776203871
inlet_manning_0p015,25,2.0833333333333335,7.864150602102299,0.22317950414651422
inlet_manning_0p015,26,2.1666666666666665,8.608817073267723,0.24733823478365666
inlet_manning_0p015,27,2.25,9.34950801343766,0.26922514790806745
inlet_manning_0p015,28,2.3333333333333335,9.785075387957868,0.29176016726762755
inlet_manning_0p015,29,2.4166666666666665,10.313517458732147,0.31476094849790387
inlet_manning_0p015,30,2.5,10.806535444600712,0.33638487951080315
inlet_manning_0p015,31,2.5833333333333335,11.222147183122221,0.358416623363347
inlet_manning_0p015,32,2.6666666666666665,11.678812795879882,0.38079943728888754
inlet_manning_0p015,33,2.75,12.349659917843589,0.40286450481856884
inlet_manning_0p015,34,2.8333333333333335,13.238159520510585,0.42154031649236423
inlet_manning_0p015,35,2.9166666666666665,13.666109232943786,0.44068012321013267
inlet_manning_0p015,36,3.0,14.193606801298362,0.4596589608046801
inlet_manning_0p015,37,3.0833333333333335,14.609114310869016,0.4782990587142274
inlet_manning_0p015,38,3.1666666666666665,14.880264315818799,0.4972318484569718
inlet_manning_0p015,39,3.25,15.269520107203276,0.515360347848936
inlet_manning_0p015,40,3.3333333333333335,15.725200780164924,0.5320818001016123
inlet_manning_0p015,41,3.4166666666666665,15.911540112771672,0.5488404681408577
inlet_manning_0p015,42,3.5,16.12699623171462,0.5662584674521984
inlet_manning_0p015,43,3.5833333333333335,16.363540634887734,0.5832554155003867
inlet_manning_0p015,44,3.6666666666666665,16.628312278034038,0.5992018325363236
inlet_manning_0p015,45,3.75,16.970108058492407,0.613705738854744
inlet_manning_0p015,46,3.8333333333333335,17.214844456263425,0.6275654393705824
inlet_manning_0p015,47,3.9166666666666665,17.455800580272136,0.6413782788201307
inlet_manning_0p015,48,4.0,17.68480288528639,0.6549131032234065
inlet_manning_0p015,49,4.083333333333333,17.895300885983286,0.6682478434842409
inlet_manning_0p015,50,4.166666666666667,18.18451599501738,0.6801647655161278
inlet_manning_0p015,51,4.25,18.469145799737184,0.6904487435824896
inlet_manning_0p015,52,4.333333333333333,18.66685918724944,0.7011627897330087
inlet_manning_0p015,53,4.416666666666667,18.881270883725527,0.7119506929823228
inlet_manning_0p015,54,4.5,19.110591531430515,0.7219251118835033
inlet_manning_0p015,55,4.583333333333333,19.3207741059837,0.731517049231554
inlet_manning_0p015,56,4.666666666666667,19.523279650805737,0.7406191305596252
inlet_manning_0p015,57,4.75,19.700375647044183,0.749857681499635
inlet_manning_0p015,58,4.833333333333333,19.86614197595894,0.7590076615983171
inlet_manning_0p015,59,4.916666666666667,20.02677360711633,0.7679803650247254
inlet_manning_0p015,60,5.0,20.193794853074245,0.7761944318723463
inlet_manning_0p015,61,5.083333333333333,20.345739702904144,0.7842350185381732
inlet_manning_0p015,62,5.166666666666667,20.48704708837599,0.7921212645679132
inlet_manning_0p015,63,5.25,20.623771044961305,0.7997631864190832
inlet_manning_0p015,64,5.333333333333333,20.765412342928716,0.8070201334154081
inlet_manning_0p015,65,5.416666666666667,20.90037097570789,0.813284523763275
inlet_manning_0p015,66,5.5,21.036655350990554,0.8193746034237197
inlet_manning_0p015,67,5.583333333333333,21.153136101613487,0.8253296965698893
inlet_manning_0p015,68,5.666666666666667,21.265521170608647,0.8314404905046038
inlet_manning_0p015,69,5.75,21.37720616766638,0.8374385868349772
inlet_manning_0p015,70,5.833333333333333,21.485567482733895,0.8432978897838257
inlet_manning_0p015,71,5.916666666666667,21.59281403065749,0.8489946038825625
inlet_manning_0p015,72,6.0,21.69676116472052,0.8545122417826209
